Source,Target,Weight,Type
A Christmas Carol,A Connecticut Yankee in King Arthur_s Court,5,undirected
A Christmas Carol,The Left Hand of Darkness ( PDFDrive ),1,undirected
A Christmas Carol,The Strange Case of Dr. Jekyll and Mr. Hyde,6,undirected
A Connecticut Yankee in King Arthur_s Court,A Christmas Carol,5,undirected
A Connecticut Yankee in King Arthur_s Court,A Pail of Air,1,undirected
A Connecticut Yankee in King Arthur_s Court,Dracula,2,undirected
A Connecticut Yankee in King Arthur_s Court,The First Men in the Moon,1,undirected
A Connecticut Yankee in King Arthur_s Court,The Left Hand of Darkness ( PDFDrive ),4,undirected
A Court of Thorns and Roses,Beauty_ A Retelling of the Story of Beauty and the Beast,4,undirected
A Court of Thorns and Roses,Crown of Midnight,3,undirected
A Court of Thorns and Roses,Outlander,1,undirected
A Court of Thorns and Roses,Throne-of-Glass,3,undirected
A Pail of Air,A Connecticut Yankee in King Arthur_s Court,1,undirected
A Pail of Air,The Big Time,3,undirected
A Pail of Air,The Defenders,2,undirected
A Swiftly Tilting Planet,Alexander Lloyd - Chronicles of Prydain 4 - Taran Wanderer(2) ,5,undirected
A Swiftly Tilting Planet,Dracula,3,undirected
A Swiftly Tilting Planet,SPEAKER-FOR-THE-DEAD-_c_-1986-Orson-Scott-Card,2,undirected
A Swiftly Tilting Planet,The Giver,1,undirected
A Swiftly Tilting Planet,The Last Wish,6,undirected
After London or Wild England,Around the World in Eighty Days,1,undirected
After London or Wild England,orwellanimalfarm,2,undirected
After London or Wild England,The Mysterious Island,3,undirected
After London or Wild England,The Time Traders,5,undirected
Alexander Lloyd - Chronicles of Prydain 4 - Taran Wanderer(2) ,A Swiftly Tilting Planet,5,undirected
Alexander Lloyd - Chronicles of Prydain 4 - Taran Wanderer(2) ,Outlander,1,undirected
Alexander Lloyd - Chronicles of Prydain 4 - Taran Wanderer(2) ,SPEAKER-FOR-THE-DEAD-_c_-1986-Orson-Scott-Card,2,undirected
Alice_s Adventures in Wonderland by Lewis Carroll,Good Omens The Nice and Accurate Prophecies of Agnes Nutter Witch ,1,undirected
Alice_s Adventures in Wonderland by Lewis Carroll,Masters of the vortex,2,undirected
Alice_s Adventures in Wonderland by Lewis Carroll,The Phantom Tollbooth,1,undirected
Alice_s Adventures in Wonderland by Lewis Carroll,Welcome to the Monkey House ( PDFDrive ),3,undirected
Anthem,From the Earth to the Moon,3,undirected
Anthem,Skylark Three,1,undirected
Anthem,The Left Hand of Darkness ( PDFDrive ),2,undirected
Around the World in Eighty Days,After London or Wild England,1,undirected
Around the World in Eighty Days,Frankenstein The 1818 Text,2,undirected
Around the World in Eighty Days,From the Earth to the Moon,2,undirected
Around the World in Eighty Days,Sinclair Lewis - It Cant Happen Here,1,undirected
Around the World in Eighty Days,The Last Man,2,undirected
Around the World in Eighty Days,The Mysterious Island,5,undirected
Around the World in Eighty Days,Twenty Thousand Leagues under the Sea by Jules Verne,4,undirected
Asimov Isaac - Bicentennial Man _ Other Stories The,Bring the Jubilee,1,undirected
Asimov Isaac - Bicentennial Man _ Other Stories The,Gray Lensman,2,undirected
Asimov Isaac - Bicentennial Man _ Other Stories The,Masters of the vortex,1,undirected
Asimov Isaac - Bicentennial Man _ Other Stories The,The Rest of the Robots ( PDFDrive ),6,undirected
Beauty_ A Retelling of the Story of Beauty and the Beast,A Court of Thorns and Roses,4,undirected
Beauty_ A Retelling of the Story of Beauty and the Beast,Outlander,5,undirected
Beauty_ A Retelling of the Story of Beauty and the Beast,The Lightning Thief,1,undirected
Bring the Jubilee,Asimov Isaac - Bicentennial Man _ Other Stories The,1,undirected
Bring the Jubilee,Gray Lensman,3,undirected
Bring the Jubilee,Looking Backward 2000-1887,4,undirected
Catching Fire ,Divergent,1,undirected
Catching Fire ,Insurgent,4,undirected
Catching Fire ,Red-Queen,1,undirected
Catching Fire ,The Handmaids Tale,3,undirected
Catching Fire ,The Hunger Games,6,undirected
Catching Fire ,The Martian,2,undirected
Charlotte Sometimes ( PDFDrive ),Cress,1,undirected
Charlotte Sometimes ( PDFDrive ),Crown of Midnight,2,undirected
Charlotte Sometimes ( PDFDrive ),The Clan of the Cave Bear ( PDFDrive ),3,undirected
City of Bones,Frankenstein The 1818 Text,1,undirected
City of Bones,lovecraft_at_the_mountains_of_madness,3,undirected
City of Bones,The Last Man,2,undirected
City of Bones.txt.part,Clockwork Princess,3,undirected
City of Bones.txt.part,Harry Potter and the Chamber of Secrets,5,undirected
City of Bones.txt.part,Harry Potter and the Sorcerer_s Stone,1,undirected
City of Bones.txt.part,The Lightning Thief,5,undirected
Clockwork Princess,City of Bones.txt.part,3,undirected
Clockwork Princess,Cress,2,undirected
Clockwork Princess,faded-sun,1,undirected
Clockwork Princess,Throne-of-Glass,1,undirected
Cress,Charlotte Sometimes ( PDFDrive ),1,undirected
Cress,Clockwork Princess,2,undirected
Cress,Crown of Midnight,3,undirected
Cress,Scarlet,6,undirected
Cress,Simulacron-3 (The Thirteenth Floor) ( PDFDrive ),2,undirected
Cress,The Clan of the Cave Bear ( PDFDrive ),3,undirected
Cress,The Girl with the Dragon Tattoo,2,undirected
Cress,The Giver,2,undirected
Cress,The Invisible Life of Addie LaRue,3,undirected
Cress,The-Girl-Who-Played-with-Fire,2,undirected
Cress,Throne-of-Glass,5,undirected
CrookedHouse,Guards Guards,3,undirected
CrookedHouse,Roadside Picnic,1,undirected
CrookedHouse,Who Goes There_Book,2,undirected
Crown of Midnight,A Court of Thorns and Roses,3,undirected
Crown of Midnight,Charlotte Sometimes ( PDFDrive ),2,undirected
Crown of Midnight,Cress,3,undirected
Crown of Midnight,Kindred,1,undirected
Crown of Midnight,Scarlet,1,undirected
Crown of Midnight,The Clan of the Cave Bear ( PDFDrive ),2,undirected
Crown of Midnight,The Invisible Life of Addie LaRue,2,undirected
Crown of Midnight,The Maze Runner,1,undirected
Crown of Midnight,Throne-of-Glass,4,undirected
Divergent,Catching Fire ,1,undirected
Divergent,Insurgent,6,undirected
Divergent,Red-Queen,5,undirected
Divergent,The Hunger Games,1,undirected
do-androids-dream-of-electric-sheep,Guards Guards,1,undirected
do-androids-dream-of-electric-sheep,The Last Wish,3,undirected
do-androids-dream-of-electric-sheep,Welcome to the Monkey House ( PDFDrive ),3,undirected
Dracula,A Connecticut Yankee in King Arthur_s Court,2,undirected
Dracula,A Swiftly Tilting Planet,3,undirected
Dracula,The First Men in the Moon,1,undirected
Enders Game,Kindred,2,undirected
Enders Game,Masters of the vortex,1,undirected
Enders Game,SPEAKER-FOR-THE-DEAD-_c_-1986-Orson-Scott-Card,5,undirected
Enders Game,the princess bride the princess bride,3,undirected
Enders Game,The-One,1,undirected
Enders Game,Watership Down ( PDFDrive ),6,undirected
faded-sun,Clockwork Princess,1,undirected
faded-sun,OutofSilentPlanet_CSL,3,undirected
faded-sun,The Time Traders,2,undirected
First Lensman,Gray Lensman,5,undirected
First Lensman,Masters of the vortex,5,undirected
First Lensman,The Rest of the Robots ( PDFDrive ),1,undirected
First Lensman,Triplanetary,1,undirected
Flatland A Romance of Many Dimensions,From the Earth to the Moon,1,undirected
Flatland A Romance of Many Dimensions,Looking Backward 2000-1887,6,undirected
Flatland A Romance of Many Dimensions,The Strange Case of Dr. Jekyll and Mr. Hyde,2,undirected
Flatland A Romance of Many Dimensions,Utopia,2,undirected
Frankenstein The 1818 Text,Around the World in Eighty Days,2,undirected
Frankenstein The 1818 Text,City of Bones,1,undirected
Frankenstein The 1818 Text,The Last Man,6,undirected
Frankenstein The 1818 Text,The Strange Case of Dr. Jekyll and Mr. Hyde,1,undirected
From the Earth to the Moon,Anthem,3,undirected
From the Earth to the Moon,Around the World in Eighty Days,2,undirected
From the Earth to the Moon,Flatland A Romance of Many Dimensions,1,undirected
From the Earth to the Moon,Last_and_First_Men,2,undirected
From the Earth to the Moon,Looking Backward 2000-1887,1,undirected
From the Earth to the Moon,StarMaker,1,undirected
From the Earth to the Moon,The Mysterious Island,5,undirected
From the Earth to the Moon,Twenty Thousand Leagues under the Sea by Jules Verne,6,undirected
From the Earth to the Moon,Utopia,1,undirected
Galactic patrol,Gray Lensman,6,undirected
Galactic patrol,OutofSilentPlanet_CSL,2,undirected
Galactic patrol,Perelandra_CSL,2,undirected
Galactic patrol,Skylark of Valeron,3,undirected
Galactic patrol,Skylark Three,1,undirected
Galactic patrol,The Time Traders,1,undirected
Galactic patrol,Triplanetary,4,undirected
Good Omens The Nice and Accurate Prophecies of Agnes Nutter Witch ,Alice_s Adventures in Wonderland by Lewis Carroll,1,undirected
Good Omens The Nice and Accurate Prophecies of Agnes Nutter Witch ,Guards Guards,6,undirected
Good Omens The Nice and Accurate Prophecies of Agnes Nutter Witch ,slaughterhouse_-_five,1,undirected
Good Omens The Nice and Accurate Prophecies of Agnes Nutter Witch ,The Phantom Tollbooth,2,undirected
Good Omens The Nice and Accurate Prophecies of Agnes Nutter Witch ,The Rest of the Robots ( PDFDrive ),1,undirected
Good Omens The Nice and Accurate Prophecies of Agnes Nutter Witch ,Welcome to the Monkey House ( PDFDrive ),3,undirected
Good Omens The Nice and Accurate Prophecies of Agnes Nutter Witch ,Who Goes There_Book,2,undirected
Gray Lensman,Asimov Isaac - Bicentennial Man _ Other Stories The,2,undirected
Gray Lensman,Bring the Jubilee,3,undirected
Gray Lensman,First Lensman,5,undirected
Gray Lensman,Galactic patrol,6,undirected
Gray Lensman,Masters of the vortex,2,undirected
Gray Lensman,Skylark of Valeron,2,undirected
Gray Lensman,The Rest of the Robots ( PDFDrive ),2,undirected
Gray Lensman,Triplanetary,1,undirected
Greylorn,Joe Haldeman - The Forever War,4,undirected
Greylorn,Outlander,1,undirected
Greylorn,Ready-Player-One,4,undirected
Guards Guards,CrookedHouse,3,undirected
Guards Guards,do-androids-dream-of-electric-sheep,1,undirected
Guards Guards,Good Omens The Nice and Accurate Prophecies of Agnes Nutter Witch ,6,undirected
Guards Guards,Harry Potter and the Sorcerer_s Stone,1,undirected
Guards Guards,Roadside Picnic,3,undirected
Guards Guards,Welcome to the Monkey House ( PDFDrive ),4,undirected
Guards Guards,Who Goes There_Book,3,undirected
Harry Potter and the Chamber of Secrets,City of Bones.txt.part,5,undirected
Harry Potter and the Chamber of Secrets,Harry Potter and the Sorcerer_s Stone,6,undirected
Harry Potter and the Chamber of Secrets,Scarlet,1,undirected
Harry Potter and the Chamber of Secrets,The Maze Runner,2,undirected
Harry Potter and the Sorcerer_s Stone,City of Bones.txt.part,1,undirected
Harry Potter and the Sorcerer_s Stone,Guards Guards,1,undirected
Harry Potter and the Sorcerer_s Stone,Harry Potter and the Chamber of Secrets,6,undirected
Harry Potter and the Sorcerer_s Stone,Roadside Picnic,1,undirected
Harry Potter and the Sorcerer_s Stone,The Maze Runner,4,undirected
Harry Potter and the Sorcerer_s Stone,Watership Down ( PDFDrive ),2,undirected
Harry Potter and the Sorcerer_s Stone,Welcome to the Monkey House ( PDFDrive ),5,undirected
Insurgent,Catching Fire ,4,undirected
Insurgent,Divergent,6,undirected
Insurgent,Red-Queen,2,undirected
Insurgent,The Hunger Games,3,undirected
Insurgent,The-One,3,undirected
Joe Haldeman - The Forever War,Greylorn,4,undirected
Joe Haldeman - The Forever War,Ready-Player-One,1,undirected
Joe Haldeman - The Forever War,The Big Time,5,undirected
Kindred,Crown of Midnight,1,undirected
Kindred,Enders Game,2,undirected
Kindred,The-One,5,undirected
Last_and_First_Men,From the Earth to the Moon,2,undirected
Last_and_First_Men,lovecraft_at_the_mountains_of_madness,1,undirected
Last_and_First_Men,StarMaker,6,undirected
Looking Backward 2000-1887,Bring the Jubilee,4,undirected
Looking Backward 2000-1887,Flatland A Romance of Many Dimensions,6,undirected
Looking Backward 2000-1887,From the Earth to the Moon,1,undirected
Looking Backward 2000-1887,Utopia,3,undirected
lovecraft_at_the_mountains_of_madness,City of Bones,3,undirected
lovecraft_at_the_mountains_of_madness,Last_and_First_Men,1,undirected
lovecraft_at_the_mountains_of_madness,StarMaker,5,undirected
lovecraft_at_the_mountains_of_madness,The Last Man,2,undirected
lovecraft_at_the_mountains_of_madness,The War of the Worlds,1,undirected
Masters of the vortex,Alice_s Adventures in Wonderland by Lewis Carroll,2,undirected
Masters of the vortex,Asimov Isaac - Bicentennial Man _ Other Stories The,1,undirected
Masters of the vortex,Enders Game,1,undirected
Masters of the vortex,First Lensman,5,undirected
Masters of the vortex,Gray Lensman,2,undirected
Masters of the vortex,The Handmaids Tale,1,undirected
Masters of the vortex,Triplanetary,1,undirected
orwellanimalfarm,After London or Wild England,2,undirected
orwellanimalfarm,The Mysterious Island,1,undirected
orwellanimalfarm,ThePlague-Camus,5,undirected
Outlander,A Court of Thorns and Roses,1,undirected
Outlander,Alexander Lloyd - Chronicles of Prydain 4 - Taran Wanderer(2) ,1,undirected
Outlander,Beauty_ A Retelling of the Story of Beauty and the Beast,5,undirected
Outlander,Greylorn,1,undirected
Outlander,Ready-Player-One,3,undirected
Outlander,Simulacron-3 (The Thirteenth Floor) ( PDFDrive ),1,undirected
Outlander,The Invisible Man,1,undirected
Outlander,The King in Yellow,1,undirected
Outlander,The Left Hand of Darkness ( PDFDrive ),1,undirected
Outlander,The Lightning Thief,4,undirected
Outlander,The Strange Case of Dr. Jekyll and Mr. Hyde,1,undirected
OutofSilentPlanet_CSL,faded-sun,3,undirected
OutofSilentPlanet_CSL,Galactic patrol,2,undirected
OutofSilentPlanet_CSL,Perelandra_CSL,6,undirected
OutofSilentPlanet_CSL,Rendezvous with Rama ( PDFDrive ),2,undirected
OutofSilentPlanet_CSL,The City of Gold and Lead ( PDFDrive ),1,undirected
OutofSilentPlanet_CSL,The Nine Billion Names of God_ The Collected Stories of Arthur C. Clarke1951-1956 ( PDFDrive ),1,undirected
OutofSilentPlanet_CSL,ThePlague-Camus,1,undirected
Perelandra_CSL,Galactic patrol,2,undirected
Perelandra_CSL,OutofSilentPlanet_CSL,6,undirected
Perelandra_CSL,Rendezvous with Rama ( PDFDrive ),1,undirected
Perelandra_CSL,The Nine Billion Names of God_ The Collected Stories of Arthur C. Clarke1951-1956 ( PDFDrive ),2,undirected
Perelandra_CSL,The Rest of the Robots ( PDFDrive ),1,undirected
Ready-Player-One,Greylorn,4,undirected
Ready-Player-One,Joe Haldeman - The Forever War,1,undirected
Ready-Player-One,Outlander,3,undirected
Ready-Player-One,The Lightning Thief,2,undirected
Ready-Player-One,The Martian,1,undirected
Red-Queen,Catching Fire ,1,undirected
Red-Queen,Divergent,5,undirected
Red-Queen,Insurgent,2,undirected
Rendezvous with Rama ( PDFDrive ),OutofSilentPlanet_CSL,2,undirected
Rendezvous with Rama ( PDFDrive ),Perelandra_CSL,1,undirected
Rendezvous with Rama ( PDFDrive ),The Nine Billion Names of God_ The Collected Stories of Arthur C. Clarke1951-1956 ( PDFDrive ),6,undirected
Roadside Picnic,CrookedHouse,1,undirected
Roadside Picnic,Guards Guards,3,undirected
Roadside Picnic,Harry Potter and the Sorcerer_s Stone,1,undirected
Roadside Picnic,Second Variety,1,undirected
Roadside Picnic,Welcome to the Monkey House ( PDFDrive ),2,undirected
Scarlet,Cress,6,undirected
Scarlet,Crown of Midnight,1,undirected
Scarlet,Harry Potter and the Chamber of Secrets,1,undirected
Scarlet,The Invisible Life of Addie LaRue,1,undirected
Scarlet,Throne-of-Glass,4,undirected
Second Variety,Roadside Picnic,1,undirected
Second Variety,The Defenders,5,undirected
Second Variety,The Skull,3,undirected
Simulacron-3 (The Thirteenth Floor) ( PDFDrive ),Cress,2,undirected
Simulacron-3 (The Thirteenth Floor) ( PDFDrive ),Outlander,1,undirected
Simulacron-3 (The Thirteenth Floor) ( PDFDrive ),The Lightning Thief,3,undirected
Sinclair Lewis - It Cant Happen Here,Around the World in Eighty Days,1,undirected
Sinclair Lewis - It Cant Happen Here,slaughterhouse_-_five,2,undirected
Sinclair Lewis - It Cant Happen Here,The Left Hand of Darkness ( PDFDrive ),2,undirected
Sinclair Lewis - It Cant Happen Here,ThePlague-Camus,4,undirected
Skylark of Valeron,Galactic patrol,3,undirected
Skylark of Valeron,Gray Lensman,2,undirected
Skylark of Valeron,Skylark Three,3,undirected
Skylark of Valeron,Triplanetary,6,undirected
Skylark Three,Anthem,1,undirected
Skylark Three,Galactic patrol,1,undirected
Skylark Three,Skylark of Valeron,3,undirected
Skylark Three,The Defenders,1,undirected
Skylark Three,Triplanetary,2,undirected
slaughterhouse_-_five,Good Omens The Nice and Accurate Prophecies of Agnes Nutter Witch ,1,undirected
slaughterhouse_-_five,Sinclair Lewis - It Cant Happen Here,2,undirected
slaughterhouse_-_five,ThePlague-Camus,3,undirected
SPEAKER-FOR-THE-DEAD-_c_-1986-Orson-Scott-Card,A Swiftly Tilting Planet,2,undirected
SPEAKER-FOR-THE-DEAD-_c_-1986-Orson-Scott-Card,Alexander Lloyd - Chronicles of Prydain 4 - Taran Wanderer(2) ,2,undirected
SPEAKER-FOR-THE-DEAD-_c_-1986-Orson-Scott-Card,Enders Game,5,undirected
SPEAKER-FOR-THE-DEAD-_c_-1986-Orson-Scott-Card,the princess bride the princess bride,2,undirected
SPEAKER-FOR-THE-DEAD-_c_-1986-Orson-Scott-Card,The Rest of the Robots ( PDFDrive ),2,undirected
StarMaker,From the Earth to the Moon,1,undirected
StarMaker,Last_and_First_Men,6,undirected
StarMaker,lovecraft_at_the_mountains_of_madness,5,undirected
The Big Time,A Pail of Air,3,undirected
The Big Time,Joe Haldeman - The Forever War,5,undirected
The Big Time,The Left Hand of Darkness ( PDFDrive ),1,undirected
The Big Time,The Lightning Thief,4,undirected
The City of Gold and Lead ( PDFDrive ),OutofSilentPlanet_CSL,1,undirected
The City of Gold and Lead ( PDFDrive ),The Left Hand of Darkness ( PDFDrive ),3,undirected
The City of Gold and Lead ( PDFDrive ),The Time Traders,2,undirected
The Clan of the Cave Bear ( PDFDrive ),Charlotte Sometimes ( PDFDrive ),3,undirected
The Clan of the Cave Bear ( PDFDrive ),Cress,3,undirected
The Clan of the Cave Bear ( PDFDrive ),Crown of Midnight,2,undirected
The Clan of the Cave Bear ( PDFDrive ),The-Girl-Who-Played-with-Fire,1,undirected
The Clan of the Cave Bear ( PDFDrive ),Throne-of-Glass,1,undirected
The Defenders,A Pail of Air,2,undirected
The Defenders,Second Variety,5,undirected
The Defenders,Skylark Three,1,undirected
The Defenders,The Skull,6,undirected
The First Men in the Moon,A Connecticut Yankee in King Arthur_s Court,1,undirected
The First Men in the Moon,Dracula,1,undirected
The First Men in the Moon,The Left Hand of Darkness ( PDFDrive ),5,undirected
The First Men in the Moon,The Purple Cloud,2,undirected
The First Men in the Moon,The Time Machine,6,undirected
The First Men in the Moon,The War of the Worlds,2,undirected
The Girl with the Dragon Tattoo,Cress,2,undirected
The Girl with the Dragon Tattoo,The-Girl-Who-Played-with-Fire,6,undirected
The Girl with the Dragon Tattoo,Welcome to the Monkey House ( PDFDrive ),1,undirected
The Giver,A Swiftly Tilting Planet,1,undirected
The Giver,Cress,2,undirected
The Giver,the princess bride the princess bride,4,undirected
The Handmaids Tale,Catching Fire ,3,undirected
The Handmaids Tale,Masters of the vortex,1,undirected
The Handmaids Tale,The Hunger Games,2,undirected
The Hunger Games,Catching Fire ,6,undirected
The Hunger Games,Divergent,1,undirected
The Hunger Games,Insurgent,3,undirected
The Hunger Games,The Handmaids Tale,2,undirected
The Hunger Games,The Lightning Thief,1,undirected
The Hunger Games,The Martian,3,undirected
The Invisible Life of Addie LaRue,Cress,3,undirected
The Invisible Life of Addie LaRue,Crown of Midnight,2,undirected
The Invisible Life of Addie LaRue,Scarlet,1,undirected
The Invisible Man,Outlander,1,undirected
The Invisible Man,The King in Yellow,4,undirected
The Invisible Man,When the Sleeper Wakes,6,undirected
The Island of Doctor Moreau,The King in Yellow,4,undirected
The Island of Doctor Moreau,The Time Machine,3,undirected
The Island of Doctor Moreau,The War of the Worlds,6,undirected
The Island of Doctor Moreau,When the Sleeper Wakes,2,undirected
The King in Yellow,Outlander,1,undirected
The King in Yellow,The Invisible Man,4,undirected
The King in Yellow,The Island of Doctor Moreau,4,undirected
The King in Yellow,The Last Wish,2,undirected
The Last Man,Around the World in Eighty Days,2,undirected
The Last Man,City of Bones,2,undirected
The Last Man,Frankenstein The 1818 Text,6,undirected
The Last Man,lovecraft_at_the_mountains_of_madness,2,undirected
The Last Man,Twenty Thousand Leagues under the Sea by Jules Verne,1,undirected
The Last Wish,A Swiftly Tilting Planet,6,undirected
The Last Wish,do-androids-dream-of-electric-sheep,3,undirected
The Last Wish,The King in Yellow,2,undirected
The Last Wish,The Skull,2,undirected
The Last Wish,Who Goes There_Book,1,undirected
The Left Hand of Darkness ( PDFDrive ),A Christmas Carol,1,undirected
The Left Hand of Darkness ( PDFDrive ),A Connecticut Yankee in King Arthur_s Court,4,undirected
The Left Hand of Darkness ( PDFDrive ),Anthem,2,undirected
The Left Hand of Darkness ( PDFDrive ),Outlander,1,undirected
The Left Hand of Darkness ( PDFDrive ),Sinclair Lewis - It Cant Happen Here,2,undirected
The Left Hand of Darkness ( PDFDrive ),The Big Time,1,undirected
The Left Hand of Darkness ( PDFDrive ),The City of Gold and Lead ( PDFDrive ),3,undirected
The Left Hand of Darkness ( PDFDrive ),The First Men in the Moon,5,undirected
The Left Hand of Darkness ( PDFDrive ),The Purple Cloud,1,undirected
The Lightning Thief,Beauty_ A Retelling of the Story of Beauty and the Beast,1,undirected
The Lightning Thief,City of Bones.txt.part,5,undirected
The Lightning Thief,Outlander,4,undirected
The Lightning Thief,Ready-Player-One,2,undirected
The Lightning Thief,Simulacron-3 (The Thirteenth Floor) ( PDFDrive ),3,undirected
The Lightning Thief,The Big Time,4,undirected
The Lightning Thief,The Hunger Games,1,undirected
The Martian,Catching Fire ,2,undirected
The Martian,Ready-Player-One,1,undirected
The Martian,The Hunger Games,3,undirected
The Maze Runner,Crown of Midnight,1,undirected
The Maze Runner,Harry Potter and the Chamber of Secrets,2,undirected
The Maze Runner,Harry Potter and the Sorcerer_s Stone,4,undirected
The Mysterious Island,After London or Wild England,3,undirected
The Mysterious Island,Around the World in Eighty Days,5,undirected
The Mysterious Island,From the Earth to the Moon,5,undirected
The Mysterious Island,orwellanimalfarm,1,undirected
The Mysterious Island,Twenty Thousand Leagues under the Sea by Jules Verne,2,undirected
The Nine Billion Names of God_ The Collected Stories of Arthur C. Clarke1951-1956 ( PDFDrive ),OutofSilentPlanet_CSL,1,undirected
The Nine Billion Names of God_ The Collected Stories of Arthur C. Clarke1951-1956 ( PDFDrive ),Perelandra_CSL,2,undirected
The Nine Billion Names of God_ The Collected Stories of Arthur C. Clarke1951-1956 ( PDFDrive ),Rendezvous with Rama ( PDFDrive ),6,undirected
The Phantom Tollbooth,Alice_s Adventures in Wonderland by Lewis Carroll,1,undirected
The Phantom Tollbooth,Good Omens The Nice and Accurate Prophecies of Agnes Nutter Witch ,2,undirected
The Phantom Tollbooth,Welcome to the Monkey House ( PDFDrive ),3,undirected
the princess bride the princess bride,Enders Game,3,undirected
the princess bride the princess bride,SPEAKER-FOR-THE-DEAD-_c_-1986-Orson-Scott-Card,2,undirected
the princess bride the princess bride,The Giver,4,undirected
The Purple Cloud,The First Men in the Moon,2,undirected
The Purple Cloud,The Left Hand of Darkness ( PDFDrive ),1,undirected
The Purple Cloud,The Time Machine,3,undirected
The Rest of the Robots ( PDFDrive ),Asimov Isaac - Bicentennial Man _ Other Stories The,6,undirected
The Rest of the Robots ( PDFDrive ),First Lensman,1,undirected
The Rest of the Robots ( PDFDrive ),Good Omens The Nice and Accurate Prophecies of Agnes Nutter Witch ,1,undirected
The Rest of the Robots ( PDFDrive ),Gray Lensman,2,undirected
The Rest of the Robots ( PDFDrive ),Perelandra_CSL,1,undirected
The Rest of the Robots ( PDFDrive ),SPEAKER-FOR-THE-DEAD-_c_-1986-Orson-Scott-Card,2,undirected
The Skull,Second Variety,3,undirected
The Skull,The Defenders,6,undirected
The Skull,The Last Wish,2,undirected
The Strange Case of Dr. Jekyll and Mr. Hyde,A Christmas Carol,6,undirected
The Strange Case of Dr. Jekyll and Mr. Hyde,Flatland A Romance of Many Dimensions,2,undirected
The Strange Case of Dr. Jekyll and Mr. Hyde,Frankenstein The 1818 Text,1,undirected
The Strange Case of Dr. Jekyll and Mr. Hyde,Outlander,1,undirected
The Strange Case of Dr. Jekyll and Mr. Hyde,When the Sleeper Wakes,2,undirected
The Time Machine,The First Men in the Moon,6,undirected
The Time Machine,The Island of Doctor Moreau,3,undirected
The Time Machine,The Purple Cloud,3,undirected
The Time Machine,The War of the Worlds,4,undirected
The Time Traders,After London or Wild England,5,undirected
The Time Traders,faded-sun,2,undirected
The Time Traders,Galactic patrol,1,undirected
The Time Traders,The City of Gold and Lead ( PDFDrive ),2,undirected
The Time Traders,ThePlague-Camus,5,undirected
The War of the Worlds,lovecraft_at_the_mountains_of_madness,1,undirected
The War of the Worlds,The First Men in the Moon,2,undirected
The War of the Worlds,The Island of Doctor Moreau,6,undirected
The War of the Worlds,The Time Machine,4,undirected
The War of the Worlds,When the Sleeper Wakes,1,undirected
The-Girl-Who-Played-with-Fire,Cress,2,undirected
The-Girl-Who-Played-with-Fire,The Clan of the Cave Bear ( PDFDrive ),1,undirected
The-Girl-Who-Played-with-Fire,The Girl with the Dragon Tattoo,6,undirected
The-One,Enders Game,1,undirected
The-One,Insurgent,3,undirected
The-One,Kindred,5,undirected
ThePlague-Camus,orwellanimalfarm,5,undirected
ThePlague-Camus,OutofSilentPlanet_CSL,1,undirected
ThePlague-Camus,Sinclair Lewis - It Cant Happen Here,4,undirected
ThePlague-Camus,slaughterhouse_-_five,3,undirected
ThePlague-Camus,The Time Traders,5,undirected
Throne-of-Glass,A Court of Thorns and Roses,3,undirected
Throne-of-Glass,Clockwork Princess,1,undirected
Throne-of-Glass,Cress,5,undirected
Throne-of-Glass,Crown of Midnight,4,undirected
Throne-of-Glass,Scarlet,4,undirected
Throne-of-Glass,The Clan of the Cave Bear ( PDFDrive ),1,undirected
Triplanetary,First Lensman,1,undirected
Triplanetary,Galactic patrol,4,undirected
Triplanetary,Gray Lensman,1,undirected
Triplanetary,Masters of the vortex,1,undirected
Triplanetary,Skylark of Valeron,6,undirected
Triplanetary,Skylark Three,2,undirected
Twenty Thousand Leagues under the Sea by Jules Verne,Around the World in Eighty Days,4,undirected
Twenty Thousand Leagues under the Sea by Jules Verne,From the Earth to the Moon,6,undirected
Twenty Thousand Leagues under the Sea by Jules Verne,The Last Man,1,undirected
Twenty Thousand Leagues under the Sea by Jules Verne,The Mysterious Island,2,undirected
Utopia,Flatland A Romance of Many Dimensions,2,undirected
Utopia,From the Earth to the Moon,1,undirected
Utopia,Looking Backward 2000-1887,3,undirected
Watership Down ( PDFDrive ),Enders Game,6,undirected
Watership Down ( PDFDrive ),Harry Potter and the Sorcerer_s Stone,2,undirected
Watership Down ( PDFDrive ),Welcome to the Monkey House ( PDFDrive ),1,undirected
Welcome to the Monkey House ( PDFDrive ),Alice_s Adventures in Wonderland by Lewis Carroll,3,undirected
Welcome to the Monkey House ( PDFDrive ),do-androids-dream-of-electric-sheep,3,undirected
Welcome to the Monkey House ( PDFDrive ),Good Omens The Nice and Accurate Prophecies of Agnes Nutter Witch ,3,undirected
Welcome to the Monkey House ( PDFDrive ),Guards Guards,4,undirected
Welcome to the Monkey House ( PDFDrive ),Harry Potter and the Sorcerer_s Stone,5,undirected
Welcome to the Monkey House ( PDFDrive ),Roadside Picnic,2,undirected
Welcome to the Monkey House ( PDFDrive ),The Girl with the Dragon Tattoo,1,undirected
Welcome to the Monkey House ( PDFDrive ),The Phantom Tollbooth,3,undirected
Welcome to the Monkey House ( PDFDrive ),Watership Down ( PDFDrive ),1,undirected
When the Sleeper Wakes,The Invisible Man,6,undirected
When the Sleeper Wakes,The Island of Doctor Moreau,2,undirected
When the Sleeper Wakes,The Strange Case of Dr. Jekyll and Mr. Hyde,2,undirected
When the Sleeper Wakes,The War of the Worlds,1,undirected
Who Goes There_Book,CrookedHouse,2,undirected
Who Goes There_Book,Good Omens The Nice and Accurate Prophecies of Agnes Nutter Witch ,2,undirected
Who Goes There_Book,Guards Guards,3,undirected
Who Goes There_Book,The Last Wish,1,undirected
